-- R-0-7
insert into RSYSTEMSEARCHINFO (ID, ACTIVE, NAME, NUMBEROFROWS, TYPEOFALGORITHM, NUMBEROFHOLEHEDGING, NUMBEROFHALFHEDGING, NUMBEROFROWSINMATHEMATICALSYSTEM, STATUS, REDUCINGGRADE) VALUES 
(1, 1, 'R-0-7', 16, 'ITERATIVE', 0,7, 128, 'NOT_OFFICIAL_STARTED', 8);
insert into STRYKTIPSSYSTEM (ID, NUMBEROFROWS, SYSTEMROWS) values (2, 16, 
'1X11XXX111111
X1111XX111111
1XXXX11111111
1X11111111111
XXX1XX1111111
11X11X1111111
XX1XX1X111111
X1XXXXX111111
11X1X1X111111
1XXX1XX111111
111XXX1111111
XX1X1X1111111
X111X11111111
111X11X111111
XXX111X111111
X1XX111111111');
insert into RSYSTEMSEARCHINFO_STRYKTIPSSYSTEM (RSYSTEMSEARCHINFO_ID, SYSTEMS_ID) values (1,2);

-- R-4-4
insert into RSYSTEMSEARCHINFO (ID, ACTIVE, NAME, NUMBEROFROWS, TYPEOFALGORITHM, NUMBEROFHOLEHEDGING, NUMBEROFHALFHEDGING, NUMBEROFROWSINMATHEMATICALSYSTEM, STATUS) VALUES 
(2, 1, 'R-4-4', 390, 'RANDOM', 4,4, 1296, 'NOT_OFFICIAL_STARTED');
insert into STRYKTIPSSYSTEM (ID, NUMBEROFROWS, SYSTEMROWS) values (3, 389, '1111111111111');
insert into RSYSTEMSEARCHINFO_STRYKTIPSSYSTEM (RSYSTEMSEARCHINFO_ID, SYSTEMS_ID) values (2,3);


-- R-4-6
insert into RSYSTEMSEARCHINFO (ID, ACTIVE, NAME, NUMBEROFROWS, TYPEOFALGORITHM, NUMBEROFHOLEHEDGING, NUMBEROFHALFHEDGING, NUMBEROFROWSINMATHEMATICALSYSTEM, STATUS) VALUES 
(3, 1, 'R-4-6', 1800, 'RANDOM', 4,6, 5184, 'NOT_OFFICIAL_STARTED');
insert into STRYKTIPSSYSTEM (ID, NUMBEROFROWS, SYSTEMROWS) values (4, 1800, '1111111111111');
insert into RSYSTEMSEARCHINFO_STRYKTIPSSYSTEM (RSYSTEMSEARCHINFO_ID, SYSTEMS_ID) values (3,4);

-- R-0-6
insert into RSYSTEMSEARCHINFO (ID, ACTIVE, NAME, NUMBEROFROWS, TYPEOFALGORITHM, NUMBEROFHOLEHEDGING, NUMBEROFHALFHEDGING, NUMBEROFROWSINMATHEMATICALSYSTEM, STATUS, REDUCINGGRADE) VALUES 
(4, 1, 'R-0-6', 14, 'ITERATIVE', 0,6, 64, 'NOT_OFFICIAL_STARTED', 5);
insert into STRYKTIPSSYSTEM (ID, NUMBEROFROWS, SYSTEMROWS) values (5, 14, 
'XXX1X11111111
X1XXX11111111
XX1XXX1111111
1X1XX11111111
1X11X11111111
X1111X1111111
1XX11X1111111
11XX1X1111111
11X1XX1111111
111X1X1111111
X111111111111
XXXXXX1111111
11X1111111111
XXXX111111111');
insert into RSYSTEMSEARCHINFO_STRYKTIPSSYSTEM (RSYSTEMSEARCHINFO_ID, SYSTEMS_ID) values (4,5);

-- R-4-0
insert into RSYSTEMSEARCHINFO (ID, ACTIVE, NAME, NUMBEROFROWS, TYPEOFALGORITHM, NUMBEROFHOLEHEDGING, NUMBEROFHALFHEDGING, NUMBEROFROWSINMATHEMATICALSYSTEM, STATUS, REDUCINGGRADE) VALUES 
(5, 1, 'R-4-0', 9, 'ITERATIVE', 4,0, 81, 'NOT_OFFICIAL_STARTED', 9);
insert into STRYKTIPSSYSTEM (ID, NUMBEROFROWS, SYSTEMROWS) values (6, 9, 
'X1X2111111111
1212111111111
XX1X111111111
112X111111111
2111111111111
2X22111111111
22XX111111111
1XX1111111111
X221111111111');
insert into RSYSTEMSEARCHINFO_STRYKTIPSSYSTEM (RSYSTEMSEARCHINFO_ID, SYSTEMS_ID) values (5,6);

-- R-4-7 
insert into RSYSTEMSEARCHINFO (ID, ACTIVE, NAME, NUMBEROFROWS, TYPEOFALGORITHM, NUMBEROFHOLEHEDGING, NUMBEROFHALFHEDGING, NUMBEROFROWSINMATHEMATICALSYSTEM, STATUS) VALUES 
(6, 1, 'R-4-7', 3500, 'RANDOM', 4,7, 10368, 'NOT_OFFICIAL_STARTED');
insert into STRYKTIPSSYSTEM (ID, NUMBEROFROWS, SYSTEMROWS) values (7, 3500, '1111111111111');
insert into RSYSTEMSEARCHINFO_STRYKTIPSSYSTEM (RSYSTEMSEARCHINFO_ID, SYSTEMS_ID) values (6,7);




-- R-4-2-v1, Iterative
insert into RSYSTEMSEARCHINFO (ID, ACTIVE, NAME, NUMBEROFROWS, TYPEOFALGORITHM, NUMBEROFHOLEHEDGING, NUMBEROFHALFHEDGING, NUMBEROFROWSINMATHEMATICALSYSTEM, STATUS) VALUES 
(8, 1, 'R-4-2-v1', 54, 'ITERATIVE', 4,2, 324, 'NOT_OFFICIAL_STARTED');
insert into STRYKTIPSSYSTEM (ID, NUMBEROFROWS, SYSTEMROWS) values (9, 54, 
'X1XX111111111
2221XX1111111
212XX11111111
11X11X1111111
2X2XX11111111
X221111111111
122X1X1111111
1XXXXX1111111
12X1X11111111
1111111111111
XX2X111111111
XX111X1111111
111XX11111111
XX22XX1111111
1X22X11111111
2XX2XX1111111
2211XX1111111
2X12111111111
12X1XX1111111
X1X2X11111111
11X1XX1111111
X111X11111111
XXX2X11111111
22211X1111111
X2XX1X1111111
12X2111111111
21XX1X1111111
X212X11111111
XX2XX11111111
22XXX11111111
X1221X1111111
221X1X1111111
111X111111111
2XX1XX1111111
2X11111111111
1111X11111111
2112XX1111111
1XX2111111111
X12XXX1111111
1X1XXX1111111
212X111111111
1X22XX1111111
12121X1111111
1222111111111
X22X111111111
211X1X1111111
21X1111111111
2XXXX11111111
2X211X1111111
X2X21X1111111
XX21111111111
X112X11111111
1222X11111111
X22XXX1111111');
insert into RSYSTEMSEARCHINFO_STRYKTIPSSYSTEM (RSYSTEMSEARCHINFO_ID, SYSTEMS_ID) values (8,9);

-- R-4-2, Random
insert into RSYSTEMSEARCHINFO (ID, ACTIVE, NAME, NUMBEROFROWS, TYPEOFALGORITHM, NUMBEROFHOLEHEDGING, NUMBEROFHALFHEDGING, NUMBEROFROWSINMATHEMATICALSYSTEM, STATUS) VALUES 
(9, 1, 'R-4-2-v2', 100, 'RANDOM', 4,2, 324, 'DONE');
insert into STRYKTIPSSYSTEM (ID, NUMBEROFROWS, SYSTEMROWS) values (10, 100, '1111111111111');
insert into RSYSTEMSEARCHINFO_STRYKTIPSSYSTEM (RSYSTEMSEARCHINFO_ID, SYSTEMS_ID) values (9,10);

-- R-4-4-svspel, Iterative original from svenskaspel.
insert into RSYSTEMSEARCHINFO (ID, ACTIVE, NAME, NUMBEROFROWS, TYPEOFALGORITHM, NUMBEROFHOLEHEDGING, NUMBEROFHALFHEDGING, NUMBEROFROWSINMATHEMATICALSYSTEM, STATUS) VALUES 
(14, 1, 'R-4-4-svspel', 144, 'ITERATIVE', 4,4, 1296, 'DONE');
insert into STRYKTIPSSYSTEM (ID, NUMBEROFROWS, SYSTEMROWS) values (15, 144, 
'1X211XX111111
222XXXX111111
XXXXXX1X11111
11X1X1X111111
12XXX11X11111
12X21X1111111
2XX2X1X111111
1X1X1X1111111
X222X11111111
211XX1X111111
1212X1X111111
XX21XX1111111
X112X1XX11111
22X21X1X11111
1111111X11111
2X12111X11111
121X1XX111111
212X111X11111
1X12XX1X11111
12X1XX1X11111
X121XXX111111
2112XXX111111
X2111X1X11111
11211X1111111
1112XXXX11111
X1XX1X1X11111
22X2XXXX11111
X111X11111111
X222XX1X11111
1X2XX1X111111
X1XXXXXX11111
1211XXX111111
2X21X11111111
1XX11X1X11111
2XX111XX11111
1X2211XX11111
1121X1XX11111
X21XXX1111111
1XX211X111111
21211X1X11111
2X22X1XX11111
2XX2111111111
XX11111111111
22111X1111111
11X21XX111111
X22X1X1111111
XX22XXXX11111
2212X11X11111
X2X2XXX111111
X12111XX11111
XX1X11XX11111
22XX11X111111
1XXX111X11111
2X111XXX11111
X111XX1X11111
2XX1XXX111111
X12X1XX111111
2211X1XX11111
21XX1X1111111
XX1XXXX111111
1X1XX1XX11111
X11XX11X11111
1XXXXX1111111
222X11XX11111
21XXX1XX11111
2X221X1111111
122XXXXX11111
2X2XX11X11111
1212111111111
X122X1X111111
122X1X1X11111
11X1111111111
212211X111111
X1X2XX1111111
X122111111111
21111XX111111
111X1XXX11111
111X11X111111
11XXXXX111111
X21211X111111
2X21XX1X11111
221XXX1X11111
2X1X1X1X11111
X2X211XX11111
2X1111X111111
212XXX1111111
X1X2111X11111
X1X11XXX11111
12X1X11111111
1122X11X11111
2X1XXXXX11111
1X11X11X11111
2121XXXX11111
1XX1XXXX11111
1X22XXX111111
211X111111111
1X12X11111111
21X2XX1X11111
122111X111111
12211XXX11111
1111XX1111111
11121X1X11111
21X1X11X11111
2221X1X111111
1X2X111111111
22221XX111111
22XX1XXX11111
121111XX11111
X2XXX1X111111
1222XX1111111
XX21111X11111
XXX2X11X11111
XX2X1XXX11111
XX121XX111111
22X1XX1111111
211211XX11111
21221XXX11111
XX221X1X11111
2X12XX1111111
11XX11XX11111
XX2X11X111111
2221111111111
2XXX1XX111111
X2121XXX11111
112XXX1X11111
1222111X11111
112XX11111111
X1121X1111111
X221X11X11111
X2XX111111111
X2X11XX111111
X1X111X111111
X21X111X11111
XXX1X1XX11111
21X2X11111111
XX11X1X111111
X22XX1XX11111
XXXXX11111111
X211XXXX11111
22X1111X11111
1XX21XXX11111
221XX11111111
12X2X1XX11111
XXX11X1111111');
insert into RSYSTEMSEARCHINFO_STRYKTIPSSYSTEM (RSYSTEMSEARCHINFO_ID, SYSTEMS_ID) values (14,15);

-- R-4-4-v1, Iterative 
insert into RSYSTEMSEARCHINFO (ID, ACTIVE, NAME, NUMBEROFROWS, TYPEOFALGORITHM, NUMBEROFHOLEHEDGING, NUMBEROFHALFHEDGING, NUMBEROFROWSINMATHEMATICALSYSTEM, STATUS) VALUES 
(15, 1, 'R-4-4-v1', 189, 'ITERATIVE', 4,4, 1296, 'DONE');
insert into STRYKTIPSSYSTEM (ID, NUMBEROFROWS, SYSTEMROWS) values (16, 189, 
'X22111XX11111
2211XXX111111
XX121XXX11111
11X211X111111
121XXXXX11111
2X21XXXX11111
X212X1XX11111
X22X1XX111111
211X1X1X11111
1X22X11111111
XXX2XXX111111
X11XXXX111111
22X21X1X11111
221211X111111
XX1211X111111
11X1XXX111111
XX11XX1X11111
XX21XX1111111
XX2XX11111111
1XX1XX1111111
XXXX11XX11111
2X2211X111111
122111X111111
2X2X11X111111
21211X1X11111
22XX1XXX11111
X21X111X11111
211XX1X111111
1212111X11111
XXXXX11111111
1XX211XX11111
21X211XX11111
121X1XX111111
X122XX1111111
XX2211X111111
11X11XXX11111
X1XXXX1X11111
2222XX1X11111
X2111XX111111
2XX1XXXX11111
1X2XXXX111111
11X11X1111111
X12X1XXX11111
X221XXXX11111
222X1X1X11111
X2X11XX111111
2212X1XX11111
2222XXX111111
X2X2X11X11111
1X1XX11111111
1221XX1X11111
X1X21X1111111
21X211X111111
2X12XX1111111
X222XX1111111
XXX11X1X11111
221111XX11111
1212XXX111111
1X11X1XX11111
21X1XXXX11111
1X121XXX11111
X112X1XX11111
2X22X1X111111
2X1111XX11111
1122XX1X11111
11X2XXXX11111
X2X2X1X111111
2122XX1111111
XX2XXX1X11111
21XXX1X111111
X22XX11111111
X111X11111111
1112XXX111111
1X2XXX1X11111
XX1XXX1X11111
XX2XXXXX11111
1X1XX1X111111
12XXXXX111111
2XX1111111111
X2XXXX1X11111
122XX1XX11111
112XX11111111
22X21XXX11111
12221XX111111
2X21X11111111
1X22X1X111111
21211XX111111
12121X1111111
2X22XX1111111
1XX21X1X11111
12XX1X1X11111
2XXXX11X11111
X1XX111X11111
X221X1XX11111
X2X1XX1111111
111XX11X11111
11X1XX1111111
2111111111111
1212111111111
X2211X1111111
12XXXX1111111
X12X111111111
X1X21X1X11111
12X111X111111
2X11111111111
221XX1X111111
2X121X1X11111
11X1XXXX11111
22X2X11111111
X12X1XX111111
X1121X1111111
11111X1X11111
2X121XXX11111
2XXX1XX111111
112X1XXX11111
X21X1X1X11111
22211X1111111
XXX111XX11111
X2211XX111111
212211XX11111
X112X11X11111
12211XX111111
11X2X11X11111
XX22111111111
2X1XX1XX11111
X121X11X11111
X1X1111X11111
2X21X1X111111
211XXXX111111
1X1111XX11111
2111XXXX11111
XX12111X11111
XX211X1X11111
111X11XX11111
112111X111111
1XX11X1111111
X1XXX1X111111
X122XXX111111
22XXX11X11111
X2XX111111111
22X1X11X11111
1XX2XXXX11111
X22X1X1X11111
12XXX1XX11111
X211X11111111
1121X1X111111
1XX1111111111
11221X1111111
21X2XX1111111
XX1X1X1111111
X112X11111111
2X2X1XXX11111
12X1X11X11111
2111XX1X11111
2222XXXX11111
221X1X1X11111
1X11X1X111111
XXX211XX11111
21XX11X111111
X122X1XX11111
11111XXX11111
2121X1XX11111
1XXX1XX111111
2XXX1X1111111
222X1X1111111
1221111111111
21X1X1X111111
X1121XX111111
2X11XXX111111
212X11XX11111
12221XXX11111
121XXX1111111
212XXX1X11111
1X2X111X11111
XXX1X1XX11111
22211X1X11111
1X111XXX11111
X222X11X11111
X21X111111111
1X1X1X1111111
1121X11X11111
X222111111111
X11111X111111
1X12XX1X11111
2X11111X11111
2XX2X11X11111
2122111X11111
111X111111111
X2X2XX1X11111');
insert into RSYSTEMSEARCHINFO_STRYKTIPSSYSTEM (RSYSTEMSEARCHINFO_ID, SYSTEMS_ID) values (15,16);

-- R-4-6-v2, Iterative 
insert into RSYSTEMSEARCHINFO (ID, ACTIVE, NAME, NUMBEROFROWS, TYPEOFALGORITHM, NUMBEROFHOLEHEDGING, NUMBEROFHALFHEDGING, NUMBEROFROWSINMATHEMATICALSYSTEM, STATUS) VALUES 
(16, 1, 'R-4-6-v2', 1783, 'ITERATIVE', 4,6, 5184, 'ON_GOING');
insert into STRYKTIPSSYSTEM (ID, NUMBEROFROWS, SYSTEMROWS) values (17, 1783,
'1XX2X1XX1X111
X2211X1111111
12XX111X1X111
12XX11X1XX111
X2211X11X1111
1XX2X1XXXX111
12XX11X111111
1XX2XX11XX111
X2211X1XXX111
1XX2XX1X11111
11221X11XX111
X21X111XXX111
11221X1XX1111
11221XX1XX111
11221XX1X1111
11221XX11X111
X2211XX1XX111
12XX1X1111111
1XX2X111X1111
1XX2X11X11111
12XX1X1X1X111
1XX2X1X111111
X221X1111X111
11111111XX111
111111111X111
1111111111111
1122X11111111
X11X1X11X1111
1111111X1X111
1111111X11111
1122X11X11111
X11X1X1X1X111
X11X1X1XX1111
X21X1111X1111
111111X111111
X21X11111X111
X11X1XX11X111
X11X1XX1X1111
12XX1XXX1X111
12XX1XX11X111
12XX1XX111111
X21XX11X11111
1XX21XX1XX111
1XX21XX11X111
112211111X111
X11XXX11XX111
1122111111111
X11XXX111X111
X21X1XX1XX111
X11XXX1111111
X21X1XX1X1111
X21X1XXX1X111
X11XXXX11X111
1122111XXX111
X11XXXX111111
12XXX111XX111
1XX21X11XX111
12XXX1X11X111
X11XX11XX1111
X11XX1X111111
X11XX1X11X111
1XX211XX11111
1XX211XX1X111
X11XX1XXXX111
X11XX1X1XX111
X21X1XX111111
X1X2XXXXX1111
1122XXX1X1111
1X211X1X11111
1X211X1XXX111
X1X2XXXX1X111
X2X2X111XX111
X1X2XXX111111
1122XXXXXX111
1122XXXX11111
X2X2X11X1X111
X2X2X11X11111
1122XXXX1X111
1X111111X1111
X2X2X11XXX111
X1X2XXX1XX111
X1X2XXXX11111
X2X2X11XX1111
1X111111XX111
X21XXX1XX1111
X2X2XX1X11111
1X11111XX1111
1X2111X1X1111
1X2111XX1X111
1X2111XXXX111
X21XX1XX1X111
X21XX11XXX111
1X1111X111111
X12111111X111
X21XX1X111111
X2X2X1XXX1111
X1211111X1111
X2X2X1XX1X111
X21XX11XX1111
X121111X1X111
1X1111XX11111
1X1111XX1X111
X2211111X1111
1X21111XXX111
X11X1X1111111
X11X11XXXX111
X11X11XXX1111
X11X11X1XX111
1122X1XXXX111
X11X11X11X111
X11X11X111111
X1211X1111111
1122X1X1XX111
X2X2XXX111111
1122X1X11X111
X12111XX11111
1122X11XXX111
12XX11111X111
X1211XXXX1111
X22111XX1X111
1XX2XXXXX1111
X22111X1X1111
1122XX1111111
X22111X11X111
1XX2XXX1X1111
12X1XXXXXX111
12XX111111111
12X1XXX11X111
1XX2XX1XXX111
1122XX1X1X111
X1211X1XX1111
X121X111X1111
X121X1111X111
X121X11X11111
21X1X11X11111
21X1X111X1111
X121X11XXX111
X2X2111111111
X121X1X111111
X121X1X11X111
X121X1X1XX111
X2X211111X111
X2X21111X1111
X112X11XXX111
X121X1XXX1111
X121X1XX1X111
X112X11X11111
X112X1X1X1111
2XXX111X11111
2XXX1111XX111
X112X1X11X111
2XXX111X1X111
21X1X1X1X1111
2XXX11X1X1111
2XXX11X1XX111
21X1X1XXXX111
21X1X11XX1111
21X1X1X111111
X121XX1XX1111
X121XX11XX111
X2X21X11X1111
X2X21X11XX111
X121XXX111111
X2X211XX11111
X2X211XX1X111
X121XXX11X111
X121XXXXX1111
X2X21X1X1X111
X12X111111111
X2X21X1X11111
X12X11111X111
X2X21XX1XX111
X2X21XX111111
X12X1111X1111
1X21X11X11111
1X21X111X1111
1X211XXXXX111
X2X21XXXXX111
X2X21XXXX1111
X2X2X11111111
X12X11X1X1111
X12X111X1X111
1X21X11XXX111
X11211X1XX111
X211X11111111
X11211XX1X111
X211X11X1X111
X112111X11111
X112111X1X111
X2111XXXX1111
X112111XXX111
X11211X1X1111
X12X1X111X111
XXX111X1XX111
2112XX1XX1111
X12X1X11XX111
2112X1XXX1111
XXX111X111111
X12X11XXX1111
X1121111XX111
112XXXX11X111
X2111X1XXX111
112XXXX111111
X2111XX11X111
112XXXX1XX111
X2111XX1XX111
X11XXXX1XX111
X11XXXX1X1111
X11XXXXXXX111
X11XXXXXX1111
X11XXXXX11111
XXX11X1X1X111
21X111111X111
XXX11X1XX1111
X2111XXX1X111
XXX111XXX1111
2112XXXX11111
21X1111111111
21X111XXX1111
21X111XX11111
X211XXX1XX111
X112X1111X111
221XX1111X111
X211XX1X11111
X211XX11X1111
221X1XXXX1111
X211XX11XX111
X1121XXX11111
21X111X111111
21X111X11X111
XXX11XX1XX111
XXX11XX1X1111
21X1111XX1111
XXX11XX11X111
XXX11XX111111
X211XX1111111
21X11XX111111
221XX1XX11111
221XX1XX1X111
X1121X1XX1111
221XX1XXXX111
X1121X1X1X111
X211X1X111111
X1121X1X11111
X211X1X11X111
X1121X11XX111
X211X1X1X1111
221XX1X1XX111
X1121X11X1111
X1121X111X111
XXX1X1X1X1111
XXX1X11XXX111
XXX1X11XX1111
21X11X1111111
21XX11X111111
2X12X1X1X1111
XX1XXXXXXX111
XX12111111111
21XX1X1111111
21XX11XXXX111
XX12111XXX111
2211111X1X111
22111111XX111
XX1211X11X111
2X12XX1X11111
XX1211X111111
XX1XXXX111111
2X12XXX11X111
2X12XXX1X1111
21XX1111X1111
XX1XXXX1X1111
2X12XXX1XX111
XX1XXX1X11111
2X12XX1XX1111
XX1XXX1XXX111
21XX111X11111
21XX111XX1111
2X22XXXX1X111
2X22XXXX11111
2X12XXXX11111
XX1XXXXXX1111
2X12XXXXXX111
2XX11111X1111
21XX1XXXX1111
2XX1111111111
21XX1XXX1X111
2XX111111X111
XX121X1XX1111
21XXX111XX111
2XX1111X11111
21XXX1111X111
2XX1111X1X111
22111XX111111
22111XXXX1111
22111XXX11111
XX121XXXXX111
XX121XXXX1111
21XXX11XX1111
21XX1X11X1111
2XX111XX11111
2XX111XXX1111
2XX111XXXX111
21XX1X1X1X111
21XX1X1XXX111
21XX1XX11X111
22111X1XX1111
221111XXXX111
22111X11XX111
22111X11X1111
22111X1X1X111
2XX11X11XX111
XX121X11X1111
2XX11X1X1X111
2211XX1XXX111
2211XX1X1X111
XX12X1XXX1111
2XX11X1XX1111
XX12X1X1XX111
2XX1X11111111
XX12XX11X1111
XX12XX11XX111
2XX11XXXX1111
XX12XX111X111
2211XX111X111
XX12X11X1X111
2XX1X1111X111
XX12X111X1111
2XX1X1X11X111
XX12X1X1X1111
2XX1X11X11111
2XX1X11X1X111
2XX1X11XXX111
2211X111X1111
2211X111XX111
2211X11X11111
2211X11X1X111
221X11X11X111
21X1XXX1X1111
21X1XXX111111
221X11XX1X111
221X11X1XX111
21X1XXXX11111
221X11X1X1111
XXX111111X111
2XX1X1XX11111
21X1XX1X11111
2XX1XX111X111
2XX1XX1X1X111
2XX1XX1XX1111
2XX1XX1X11111
221X111XXX111
2211XXXXX1111
2XX1XX1XXX111
2XX1XXX1X1111
2XX1XXX1XX111
2XX1XXXX11111
2XX1XXXXX1111
2XXX11111X111
2211XXX1XX111
2211XXXX11111
221X1XX1X1111
12X1XX11XX111
12X1XX111X111
12X1XX11X1111
12X1XX1111111
12X1X1XXX1111
12X1X1X1XX111
12X1X1X1X1111
221X1X111X111
221X11XXXX111
221X11XXX1111
12X1X11XXX111
12X1X1X111111
12X1X1X11X111
12X1X111XX111
12X1X11111111
12X11XXXXX111
221X1X1XXX111
221X1X1X1X111
1X111X1X1X111
1X111X1X11111
1X111X1XXX111
1X111X1XX1111
1X1111XXXX111
12X111X111111
1212XXXXX1111
1212XXXX1X111
1212XXXX11111
1212XX1XXX111
1212XX1X11111
1212XX1XX1111
12X11XX1X1111
12X11XXX1X111
12X11XX1XX111
12X11X1XX1111
12X11X1X11111
12X11XX111111
12X11X11X1111
12X111X1XX111
12X111XX11111
12X111XX1X111
1XX1X11XX1111
1212X11XXX111
1XX1X1111X111
1212X11X11111
11121XXXXX111
1212X111X1111
1212X1111X111
11121XXXX1111
1212X11111111
11121XXX11111
12121XXXXX111
11121XX1X1111
11121XX11X111
1222XXXXX1111
XX22X1X1X1111
XX22X1X11X111
1222XXXX1X111
X12XX11111111
XX22X11XX1111
XX22X11X1X111
X12X1XXXX1111
1222XXX111111
XX22X1X111111
X12X1XX1XX111
X12X1XX11X111
1212XX1111111
1112X11X1X111
1112X1X111111
1212X1X1X1111
1112X1111X111
1222XX1X1X111
11211XX11X111
11211XX111111
1222XX1XX1111
1222XX1XXX111
1212XX11X1111
XX22X1111X111
11211X1X11111
X12XX1X1XX111
XX22X11111111
11211X1XXX111
XX221XXXX1111
11211X111X111
X12XX11XXX111
1222X1XXX1111
XX221XX1XX111
XX221XX1X1111
11211X11X1111
X12XX11X11111
XX221XX11X111
XX221XX111111
1XX1XXX11X111
1XX1XX1XX1111
1XX1XXXX1X111
1112XX111X111
1112X1X1X1111
1121X111X1111
XX221X11XX111
XX221X1XX1111
1222X11XXX111
1112X1XXX1111
XX221X1XXX111
XX2211XXX1111
1222X11X11111
11211XXX1X111
11211XXX11111
11211XX1XX111
12121XX1XX111
12121XX1X1111
12121XXX1X111
12121XXX11111
1XX1XX111X111
12121X1X1X111
1112XXXX1X111
12121X1XXX111
12121XX11X111
XX2211X1X1111
1112XX1X1X111
1121X1XX11111
1112XXX111111
1XX1X1X11X111
1XX1X1X111111
1121X11XXX111
XX22111X1X111
1121X1X11X111
1121X1X111111
111XXX11X1111
X12211XX11111
X22XXXX1XX111
X22XXX1X11111
X2111X111X111
1121XX1X11111
1121XX11X1111
X22XXX11X1111
X122111X1X111
X2111X1111111
1121XX1XX1111
111XXXXX1X111
111XXXXXX1111
1XX1XXXXXX111
111XXXXX11111
X21111X1XX111
X1221X1XX1111
X2221111XX111
X222111X11111
1XXX111XXX111
X1221XX111111
1XXX111X11111
X222111111111
X1221X1X11111
X1221X11XX111
X21111X111111
X21111X11X111
X1221X1111111
X1221X111X111
1121XXX1X1111
X22XXXXX1X111
X22XXXXX11111
X1221X11X1111
112X111111111
1XXX1XXX11111
111211X111111
111211X11X111
1XXX1XXXX1111
112X1111X1111
X22XX111XX111
X22XX11X11111
X211111111111
XX22XX1XXX111
X12XXX1111111
XX22XXX111111
X12XXX111X111
X22X1XXXX1111
112X1111XX111
112X111X11111
X22X1XXX1X111
X12XXX1X11111
112X11X11X111
X12XXX1X1X111
112X11X1X1111
112X111XXX111
X12XXX11XX111
11121111XX111
1XXX1X11X1111
11121X1X1X111
1XXX1XX11X111
X22XX1XXXX111
X12211111X111
X122111111111
X12XXXX1X1111
XX22X1XXXX111
112X1X1111111
X22XX11XXX111
XX22X1XX1X111
112X1X111X111
X12XXXXX1X111
112X1X11XX111
X12XXXXXXX111
XX22XX1X1X111
111211XXX1111
X22X11X1XX111
X122XX1111111
X22X111XX1111
X122XXX111111
X122XXX11X111
X22X11XX1X111
X22X11XX11111
X122XXX1X1111
1XXXXXX111111
X122XX11XX111
1XXXXX1XX1111
1XXXXX1XXX111
2X12X11XXX111
2X12X11XX1111
2X12X111XX111
2X12X11X1X111
2X12X11X11111
2X121XXXXX111
X22X1X111X111
X11X11111X111
X22X1X11XX111
X22X1X1XXX111
X22X1X1XX1111
1XXXX1XXX1111
1XXXX1X11X111
1XXXX11XXX111
2X121XX1X1111
2X121XX111111
2X121XX1XX111
X111XXX11X111
X221XX1X1X111
X1221XXXX1111
X122X11111111
X122X1111X111
X122X11X11111
21X21X1XX1111
21X21X1XXX111
2X1211XX11111
X111XX11XX111
2X1211XXX1111
2X121X111X111
2X121X1111111
2X121X11XX111
2X121X11X1111
X122X11XX1111
X221XXXX11111
X221XXXX1X111
X111XX11X1111
X111X1XXXX111
X111XX1111111
1XX21111XX111
X22X1111X1111
1XXXXXXXX1111
1XXXXXX1XX111
1XXXXXXX11111
1XX2111111111
X111X11X1X111
X111X11111111
X111X111X1111
XX2211111X111
XX221111X1111
XX2XXXXXXX111
11X1111111111
XX2XXXXXX1111
XX1XX11X1X111
21X21111X1111
21X2111111111
XX1XX11111111
21XXXXXXX1111
XX1XX1X111111
X1111XXX11111
XX2XXX111X111
X1111XX111111
X221X11X11111
X1111X1XXX111
X221X11XXX111
XX2XXX1XX1111
XX2XXX1XXX111
XX2XXXX111111
XX2XXXX11X111
21X21X111X111
XX2XXX11X1111
X1111XXXXX111
X1111XXXX1111
XX2XXX1X11111
X1111XXX1X111
XX1XX1XX1X111
XX1XX1XXXX111
21X211X1X1111
X1111X11XX111
X1111X11X1111
X1111X1X1X111
21XXX1X11X111
21XXX1X1X1111
21XXX1XXX1111
21XXX1X1XX111
21XXX1XX11111
21XXX1XXXX111
X111111XX1111
X111111X1X111
X111111X11111
X11111X1X1111
X11111X11X111
X11111X111111
X111111XXX111
21XXXXXX11111
X11111X1XX111
21XXXX11X1111
21XXXX1X1X111
21XXXX1XX1111
21XXXXX11X111
2X2XX1X111111
21211XX111111
XX111XXXX1111
1111X111XX111
XX111XXXXX111
2X1X11X1X1111
2X1X111XXX111
21211X1XX1111
1111X1111X111
2X1X11X111111
XX111XXX1X111
2X1X11XX1X111
XX11X11111111
2X1X11X1XX111
XX11X1111X111
21211XX11X111
2X2XX11XXX111
1111X1X1XX111
21211XXXXX111
2X1X11XXX1111
2X2XX11111111
2X2XX11X1X111
2X2XX11X11111
2X2XX111XX111
2X1X1X11X1111
XX111X1X11111
XX111X1X1X111
11111XX1X1111
11111XX1XX111
XX111X1XXX111
11111XXX11111
2X2X1XX1XX111
21211X1X11111
2X2X1X1X11111
2X2X1X1X1X111
2X2X1X1XXX111
2X2X1XX11X111
XX1111XXX1111
XX1111XX11111
2121111X11111
11111X1111111
111111XX1X111
XX1111X111111
2121111111111
XX11111XX1111
XX111X1111111
11111X1X11111
21X2XXXX1X111
XX11111X11111
XX11111X1X111
21X2XXXXX1111
XX1111111X111
X122XXXX1X111
21X2XX1XXX111
21X2XX1XX1111
2X1X111X11111
2X1X111X1X111
XX1X11X1XX111
2X1XXX1X1X111
XX1X11X1X1111
21X2X1XXX1111
2X221X1111111
21X2XX1X11111
21X2XX1X1X111
2X2211XX1X111
2X1XXXX11X111
111X1X1111111
111X1X111X111
XX1X11XX11111
111X1X1XX1111
XX1X1X11X1111
2X1XXXX1X1111
XX1X11XXXX111
111X1X1X1X111
2X1XXXX1XX111
111X1111XX111
XX11XXXXX1111
2X1XXXXXX1111
XX11XXXX1X111
111X111X1X111
XX11XXXXXX111
111X111X11111
21X2X111X1111
21X2X111XX111
XX1X11111X111
21X2X1X1X1111
2X22111XXX111
21X2X1X1XX111
2X22111XX1111
2X2211111X111
2X22111X11111
2X22111X1X111
2X12111111111
111X11X111111
XX1X111X1X111
2X12111XX1111
111X11X1XX111
XX1X111XX1111
XX11XX1XXX111
1111XXX1XX111
2X1X1XXXXX111
XX11XX11XX111
1111XXX111111
1111XX1XXX111
2X2XXXXX1X111
21X21XXXX1111
2X2XXX1XX1111
12221XXXX1111
2X1XX11XX1111
111X11111X111
2X1XX11XXX111
XX11XXX11X111
1111XXXXXX111
2X1XX11X1X111
1111XX1111111
1111X1XX1X111
XX11X1X1X1111
2X1XX1X1X1111
2X2XX1XX1X111
1111XX11XX111
1111XX1X1X111
2X1XXX11X1111
1111XX1XX1111
2X1XX1XX11111
2X1XX1XX1X111
121211XX1X111
12121X111X111
112XX11XXX111
2X22XX1XXX111
112XX11X1X111
112XX1X11X111
112XX111XX111
121211X111111
1212111XXX111
1212111111111
1212111XX1111
112X1XX1X1111
2X22X1XX1X111
112X1XX1XX111
112X1XXXX1111
112X1XX111111
121XXXXX11111
121XXXXXXX111
121XXXXXX1111
XX2XX111XX111
XX2XX11X1X111
2X22X1111X111
XX2XX11111111
2X22X11111111
XX2XX111X1111
2X22X111XX111
2X22X111X1111
XX2XX11XX1111
XX2XX11XXX111
2X22X1X11X111
XX2XX1X111111
2X22X11XX1111
111XX1X11X111
111XX1X111111
121XXX1X1X111
111XX11XXX111
XX1X1XXXX1111
121XXX1X11111
111XX11X1X111
121XXX11XX111
121XXX11X1111
111XX11X11111
XX1X1XXX1X111
111XX111X1111
121XX1XXX1111
111XX11111111
XX1X1XX1XX111
XX1X1XX11X111
111X1XXX1X111
XX1X1X1XX1111
XX2XX1XXXX111
XX2XX1XX11111
112XXX11X1111
2X221XXXX1111
112XX1XX1X111
2X221XXX1X111
2X221XX1XX111
121XX11XX1111
121XX1X11X111
XX1X1X1X11111
121XX111XX111
121X1XX1XX111
121XX1111X111
121X1X11XX111
121X1X1X11111
121X1X1XX1111
121X1X1XXX111
121X11XXX1111
121X111XXX111
121X111X1X111
121X111XX1111
121X111X11111
121X11111X111
1XX211X1X1111
121X1111XX111
1XX2111X1X111
11X21X11X1111
21111X1X1X111
11X211XX1X111
11X21X111X111
11X211XXX1111
11X211XXXX111
21111XX11X111
21111XX1XX111
1X12X1XX1X111
1X12X11XXX111
1X12X11XX1111
1X12X11X1X111
2111X1111X111
11X21XX111111
11X21XX1X1111
2111X11X11111
1X121XXXX1111
1X12X111X1111
2111X1X11X111
11X21X1X11111
2111X11XX1111
1X121XX1XX111
11XXXXX1X1111
11XXXXX111111
2111X1X1X1111
11XXXX1XXX111
1X121XX11X111
1X121X1X1X111
1X121X11XX111
1X121X111X111
11X2111XXX111
11X211X111111
11X211X11X111
11X21111XX111
11X2111X11111
11X2111X1X111
11X2111111111
11X211111X111
1X1211XX11111
2222111XX1111
22X2X111XX111
22X2X11X11111
222211XX11111
222211X1XX111
1X121111XX111
22221X1111111
1X12111X11111
222211XXXX111
222XXXXX11111
11XXX1XX11111
11XXX1XX1X111
11XXXX1111111
11XXX1XXXX111
11XXXX11X1111
11XXXX11XX111
22X2XX1X1X111
22X2X1XXX1111
22X2X1XXXX111
22X2XX1111111
222211111X111
22221111XX111
22221111X1111
122X111111111
222XXX11X1111
222XXX1111111
22X2XXXXX1111
122X11X111111
22X2XXXX1X111
22X2XX1XXX111
22X2XXX111111
222XXXX1X1111
222XXXX11X111
222XXX1XXX111
222XXX1XX1111
2221111XX1111
1211XX1X11111
1211XX11XX111
1211XX11X1111
222XX1XX11111
2X1111X1XX111
XX21XXXX1X111
2X1111X111111
2X1111XXX1111
X21XXXXX1X111
2121X111X1111
XX21XX1X1X111
XX21XX1X11111
2121X1111X111
X21211111X111
XX21XXX111111
X212111111111
2121X11X1X111
22X2111111111
122X1XXX11111
22XXXXXXX1111
122X1XX1XX111
2121X1X1X1111
X212111X1X111
2121X1X111111
2X11111X1X111
2X11111XX1111
22XXXXX1X1111
2X11111111111
2121X1X1XX111
XX21XXXXX1111
2121X1XX11111
XX2X11111X111
2121X1XXX1111
XX2X1111XX111
2121XX1111111
XX2X111X1X111
122X1X111X111
X2221X1111111
122X1X1111111
X22211XXXX111
122X11XXXX111
22X211X1XX111
X2221X111X111
2121XX11XX111
X21XXXX111111
XX2X11X111111
2121XX1X11111
X21XXXX11X111
X22211X111111
22X21111XX111
22X2111X1X111
122X11X1XX111
X22211XXX1111
2122XXX11X111
2122XX1XXX111
2122XX1XX1111
XX2X1X1111111
2121XXX1XX111
X2121X11XX111
XX2X11X1XX111
XX2X11X1X1111
2121XX1XX1111
X2121XX11X111
X2121X1XXX111
122XX1XXXX111
22X21X11XX111
122XXX111X111
X2221XX11X111
122XX1XX11111
22X21X11X1111
122XX1XXX1111
22X21X1111111
22X211XXX1111
122XX1X1X1111
X2221X11XX111
X2221X11X1111
2122X1XX11111
X222X11XX1111
2122X1XXX1111
XX2X1XX11X111
1XX11XXXXX111
X21211X1XX111
XX2X1XX1XX111
1XX11XXX11111
X212111XX1111
1XX11XX1X1111
XX2X1X1X11111
X21211X111111
X21211X11X111
1XX11X1XXX111
122XX11XXX111
122XX11XX1111
X222X111X1111
X222X1111X111
122XX1111X111
122XX11111111
X222X111XX111
X2221XXXX1111
122X1XXXX1111
X2221XXX1X111
2122X11X1X111
X222X11111111
22X21XX111111
X2221XXXXX111
1XX111XX1X111
X212X1X11X111
X212X11XXX111
1XX11X11XX111
1XX11X1X11111
XX211X1111111
X222XX11X1111
X222XX111X111
XX211X11XX111
X222X1X1X1111
X222X1X1XX111
122XXXXXX1111
122XXXXXXX111
X222X1X111111
1222111111111
X222X1X11X111
X222X1XX1X111
1222111X1X111
X212X1XX11111
X212X1XX1X111
X212X1X1XX111
X212XX1111111
X212X1XXX1111
1XX1111X11111
X2121XXX1X111
1XX1111X1X111
XX211X1XX1111
1XX111X111111
XX211X1XXX111
XX211XX111111
1XX111X1X1111
XX211XXX1X111
122XXXXX11111
X222XXXX1X111
X222XXXX11111
X222XX1XX1111
122XXX11XX111
X222XX1XXX111
X222XXX111111
X222XXX11X111
122XXX1XX1111
122XXX1XXX111
122XXXX1XX111
X212X111XX111
X212X11X11111
X212X11X1X111
1X12XXX1XX111
1X12XXXXX1111
1X12XXX1X1111
12221XX1XX111
12221XX1X1111
2111111XX1111
12221XXX1X111
12221XXX11111
XX21X11XXX111
22XXX11XX1111
X212XXXXXX111
12221XX111111
22XXX11X11111
2111111111111
X222XXXXX1111
12221X1X1X111
X2X1111XX1111
X2X1111X11111
X2X11111X1111
X2X11111XX111
1X12XX111X111
XX21X1XXXX111
X212XX11XX111
1X12X1XXXX111
XX21X1X1X1111
XX21X1X1XX111
12221X1111111
XX21XX1111111
211111XXX1111
1X12XX1X1X111
122211XXX1111
22XXX1XXXX111
122211XXXX111
22XXXX111X111
122211XX11111
22XXXX1111111
122211XX1X111
122211X111111
X212XXX11X111
X212XXX1X1111
X212XX1X1X111
22XXXX11XX111
X212XXX111111
1211X1XX11111
X2X11X111X111
X2X111XXXX111
1211X1X1X1111
2X2X11X1X1111
X2X111X11X111
1221X1X1XX111
22XX1XXXXX111
22XXX11111111
212X1X1XX1111
212X1X1X1X111
212X1X11X1111
212X1X111X111
2X2X11X11X111
X2X11XX1XX111
1211X111XX111
X2X11XX1X1111
12111XXXX1111
X2X11X11XX111
22XX1XX111111
1221XX1X11111
1221XX111X111
1221XXX11X111
22XX1XX1XX111
212X11XXX1111
22XX1XXXX1111
212X11XXXX111
22XX1XXX1X111
1221XX1XX1111
22XX1XX1X1111
212X11XX11111
212X11X111111
12111XX1XX111
1221XXX1XX111
1221XXXXXX111
212XX1XX11111
2X1X1111X1111
212XX1X1XX111
2X1X1111XX111
2X11XXXX1X111
212XX11XX1111
212X1XXXXX111
1211X1XXXX111
212X1XXX11111
22X1XXX11X111
22X1XX1XXX111
22X1XX1X1X111
22X1XX1X11111
XXX2XXX1XX111
XXX2XXX1X1111
2X21X11X11111
22X1XXX1XX111
2X11X11XXX111
XXX2XX1XXX111
2X211XXXX1111
212XXXX1XX111
XXX2XX11XX111
212XXXX1X1111
2X211XXXXX111
XXX2XX1X11111
XXX2XX111X111
2X211XXX1X111
212XXXX111111
22X1XXXX11111
2X11X1XXXX111
22X1XXXX1X111
2X11X1XX1X111
2X11X1XXX1111
2X11X1X11X111
22X1X1XXX1111
2X21X1XXX1111
2X21XX111X111
22X1XX111X111
22X1XX1111111
2X21X1XX1X111
212XXX11X1111
2X21X1X1XX111
212XXX111X111
212XXX1X11111
212XXX11XX111
XXX2X1XX1X111
2X21X11XXX111
XXX2X1X111111
212XX1XXXX111
XXX2X1X11X111
2X11XXX111111
2X11XXX11X111
2X11XX1X11111
22XX11XX11111
2111X1XX11111
2111X1XX1X111
22XX11X1X1111
2X111X1111111
2111X1XXX1111
22XX11XXX1111
22XX11XX1X111
2X21XX1XX1111
21221X1XX1111
XX2111X11X111
XX2111X1X1111
21221X1111111
XX21111XXX111
XX2111X1XX111
21221X11XX111
21221X11X1111
2X111X1X1X111
2X111X1XX1111
22XX1X1111111
22X1XXXXXX111
22XX111111111
22XX1111XX111
2X2X11111X111
XX211111XX111
2X2X111XX1111
2122111X11111
XX21111111111
212211X111111
2X111XXX1X111
2X11X1111X111
22XX111XX1111
22XX11X111111
2222X1XXXX111
2XX2XXX111111
1X221X1X11111
1X221X1X1X111
2XX2XX1X1X111
2222X1X11X111
2XX2XX1X11111
2XX2XX1XX1111
1X221X111X111
2XX2XX111X111
2XX2XX11X1111
2XX2XXX1X1111
2222XXX1X1111
2222XXX1XX111
2222XX1XXX111
2222XXX111111
2XX2XXXXXX111
2XX2XXXXX1111
2X21111X11111
2X21111X1X111
22221X1XXX111
22221X1X11111
22221X1X1X111
22221XX1X1111
22221XX111111
2X21111XXX111
1X22X11X11111
1X22X1X111111
1X22X11XX1111
1X22X11XXX111
2X2111XX11111
2X2111XXXX111
1X22X1X1X1111
22221X11XX111
22221XXXXX111
1X221XXXXX111
2222X1111X111
2222X11X11111
112111X1XX111
112111X1X1111
2222X11XX1111
2X211X1X11111
2X211X11XX111
1X221XX1X1111
1X221XX1XX111
2X211X1XX1111
1X221XXXX1111
2X211X1X1X111
22221XXX1X111
112111XX1X111
112111XXXX111
1X22XXX1X1111
1X22XXX11X111
11X2XXXXXX111
11X2XXXX1X111
11211111XX111
1X22XXXXX1111
1X22XX11X1111
1X22XX11XX111
1X22X1XXX1111
1X22X1XXXX111
11X2XXX1X1111
11X2XX1XXX111
11X2XX1XX1111
1X22XX1X1X111
1X22XX1XX1111
12111X1111111
2121XXXX1X111
2222XXXX11111
2121XXXX11111
212X111111111
212X1111XX111
11X2X1X11X111
11X2X1X1X1111
11X2X1XXX1111
11X2XX111X111
1211111X1X111
11X21XXXX1111
11X2X111XX111
11X2X11XXX111
121111X11X111
121111X1XX111
X1XX1X1XX1111
X1XX1X1XXX111
X1XX1X11XX111
1X111XX11X111
1X111XX111111
1X111XXX11111
1X111XX1XX111
1X111XX1X1111
X1XXX111XX111
X1XX1XXX1X111
X1XX1XXXXX111
X1XXX11111111
11X111XXX1111
11X11X111X111
X1XXX11XXX111
11X11X1X11111
11X11X11X1111
11X11X1XXX111
11X11XX111111
11X11XX1XX111
1X11X1XX11111
1X11XX11XX111
1X11XX1X1X111
11X11XXX11111
11X11XXX1X111
11X1X111XX111
11X1X11X11111
1X11X1X111111
1X11X11XXX111
X1XX1X111X111
X1XX1X1111111
X2X1X11XXX111
X2X11XXXX1111
X2X11XXX11111
222111XXXX111
22211X111X111
22211X11XX111
22211X1X1X111
22211X1X11111
222111X111111
222111X11X111
X1X2X1X1X1111
1X1XX1XXXX111
XXX21X1X1X111
1X1XXX111X111
XXX21X11XX111
1X1XX1X1XX111
1X1XX1X1X1111
1X1XX1XX1X111
X2XX11X1XX111
XXX21X1111111
X1X2XX11X1111
211X1X1X11111
211X1X1X1X111
XXX21XX111111
22X11X1XX1111
12X2XX1111111
X2XX1X11XX111
1X1XX1X111111
1X1XX1X11X111
X2XX1X111X111
X2XX1X1111111
12X2XX1XXX111
12X2XXX11X111
X2XX11XXX1111
22X11XX1XX111
1X1XX111XX111
XXX2X1111X111
XXX21XXX11111
X2X1XXXXXX111
1X1XX111X1111
XXX21XXX1X111
211X1XXXX1111
12X2X1X1X1111
211X1XX1XX111
12X2X1X11X111
211X1XX1X1111
22X1X111XX111
12X2X11XX1111
22X11XXXX1111
22X1X11111111
X2XX111XX1111
1X1X1XXXX1111
X2XX11X11X111
22X1X11XX1111
22X1X11XXX111
12X2X1XX11111
21221XX1XX111
21221XX11X111
21221XX1X1111
XXX2111111111
X1X21X1XX1111
21221XXX1X111
X1X21XXX11111
X1X21XX1XX111
X1X21X1X11111
2111XXX111111
12X21XXX1X111
12X21XXX11111
2111XXX1XX111
22X11111XX111
22X1111111111
2111XXX1X1111
12X21XXXX1111
X2X1XXX1X1111
2111XXXXXX111
12X2X11111111
2111XXXXX1111
2111XXXX1X111
12X2X11X1X111
22X111X111111
X2X1XXX1XX111
XXX2111XX1111
X2X1X1X11X111
X1X2X11111111
1X1XXXX11X111
XXX211X1XX111
X1X2X11X11111
211X11111X111
X1X21XXXXX111
22X111XX11111
211X111X11111
211X111XXX111
22X111XXX1111
211X11X111111
22X11X1111111
X1X2111X1X111
X1X2111XX1111
211XXXXXXX111
1221X111XX111
1X1X111XXX111
X1X21111X1111
1X1X1111XX111
XXXXX1X11X111
1X1X11111X111
X2XXXXXX1X111
X2XXXXXX11111
X2XXXX1XX1111
211XXXX111111
X1X2111111111
211211X1X1111
12211XX111111
X1X21X111X111
1X11XXXXX1111
X1X211XXXX111
XXXXXXX111111
211211X111111
XXXXXXX1X1111
1X11XXX11X111
XXXXXX1X1X111
XXXXXX1XX1111
X2XXX1X1XX111
X2XXXX1X11111
12211X1XXX111
X2XXXX111X111
X2XXX1XX11111
12211X111X111
21121111XX111
12211X11X1111
X1X211X1X1111
X1XXX1XXXX111
X1XXXX1111111
1X1X1X1X11111
X2XXX1111X111
1X1X1X1XX1111
X2XXX11111111
1X1X1X1XXX111
1X1X1XX1X1111
1X1X1XX1XX111
122111XX11111
X2XXX11X11111
X2XXX1X111111
X1XXX1X111111
1221111XX1111
1221111XXX111
X1XXX1XX1X111
211XX11XXX111
X2XXX111X1111
X1XXX1XX11111
122111X1XX111
X1XXXXX111111
1X1X1X111X111
211XXX11X1111
X1XXXXXX11111
211XXX11XX111
X1XXXXX1XX111
1X1X11X1XX111
X2XX1X1XX1111
1X1X11XX11111
1X1X11X1X1111
X2XX1X1XXX111
1X1X11XX1X111
X2XX1XX1X1111
12211111X1111
X2XX1XXX11111
12X2XXXX11111
211XX1XXX1111
X1XXXX11XX111
X1XXXX1XXX111
2212XXXXXX111
1X221111X1111
2XX2X1X1X1111
1X22111X1X111
2XX2X1X1XX111
2XX2X1X11X111
1X2211X111111
1X2211111X111
X1X1XX11X1111
12X211X11X111
12X211X1XX111
12X21X1111111
12X211XXXX111
2212XX1X11111
2212XX1X1X111
1X2XXXXX11111
1X2XXXX1XX111
1X2XXXXXX1111
X1X1XXXX11111
X1X1XXXX1X111
X1XX1111XX111
X1XX111111111
12X21X11X1111
12X21X11XX111
X1XX111X11111
2212XXX11X111
12X21X1XXX111
2212XXX1XX111
12X21X1X11111
2212X1X1X1111
12XXXX11X1111
2212X11XX1111
1X2XXX11XX111
1X2XXX11X1111
2XX21X1XX1111
1X2XX1XXXX111
1X2XX1XXX1111
1X2XXX1111111
X1XX111XXX111
1X2XX1XX11111
XXXXX11XX1111
XXXXX11X11111
2XX211XXXX111
12XXXX1X11111
2212X1XXXX111
12XXXX1XX1111
2212X1XX11111
2212X1111X111
12XXXXXX11111
22121XX1XX111
22121XXX11111
12XXXXX111111
2XX2X1111X111
XXXXX11111111
2XX2X111X1111
2XX2X111XX111
2XX2X11X11111
2XX21XXX1X111
2XX21XXXX1111
XXXX1XXXX1111
XXXX1XXXXX111
2XX21XX1X1111
XXXX1XXX11111
2212X11X1X111
12XXXXXXX1111
2XXXXXXXXX111
2112X1X1XX111
XXXX1X1XXX111
2XX21111X1111
22121X11XX111
22121X1XXX111
2112X1X11X111
22121X1X11111
2XXXXXX1XX111
2XXXXXXX11111
XXXX1X111X111
2XXXXXX11X111
2112X11111111
2112X111X1111
2XX211X11X111
XXXX11X1XX111
2XX211XX11111
2XX211XXX1111
2XX211XX1X111
2212111XX1111
21121XX1XX111
221211X1X1111
221211X11X111
221211X1XX111
221211XXX1111
221211XXXX111
2XX2111X11111
XXXX111X1X111
XXXX111XX1111
2XX2111XXX111
21121XX11X111
2XXXX1X1X1111
21121X1XXX111
21121X1X1X111
221211111X111
2212111111111
21121X1X11111
21121X111X111
221XXXXXXX111
221XXXXX1X111
221XXXXX11111
12X21XX11X111
XXX1XXXX11111
XXX1XXXX1X111
XXX1XXX1X1111
2XXXX11X1X111
2XXXX11X11111
XXX1XXX11X111
2XXXXX1XX1111
XXX1XX1XXX111
2XXXXX1XXX111
221XXXX111111
221XXXX11X111
221XXX11XX111
221XXX1XX1111
221XXX111X111
XXX1XX1X11111
2XXXX1XXX1111
XXX1X1XXXX111
1X21X1X1XX111
1X21X1XX11111
1X21X1X11X111
2XXX11XXXX111
1X21X1X1X1111
1X21X1XXXX111
2XXX1X111X111
1X21X1XX1X111
2XXX1X1X11111
11XX1XX11X111
2XXX1X1X1X111
1X21XX111X111
11XX1XXX1X111
11XX1XXX11111
11XXX11111111
11XXX1111X111
11XX1XXXX1111
22211XX11X111
1X21XX11X1111
2XXX1XX111111
2XXX1XXXXX111
2XXX1XXX11111
2221X11XXX111
X112X1XXXX111
2221X1X11X111
2221X1X1X1111
X112XX1111111
11XX11XXXX111
2221X1X1XX111
11XX1X11X1111
11XX1X111X111
2221X11X11111
X112XX1X1X111
11XX1X1X11111
11XX1X1X1X111
2221X11X1X111
2XXXX111X1111
2XXXX11111111
X112XXXX1X111
X112XXXXX1111
2221XX1X11111
X112XX1XXX111
X112XXX111111
2221X1XXXX111
X1X111111X111
222X1111X1111
X1X111X11X111
222X1111XX111
2221XXXX11111
2221XXXX1X111
2221XXXXX1111
11XXX11X11111
11XXX111XX111
X1X1111X1X111
2221XXX11X111
X1X11X1111111
222X11X1X1111
222X11X11X111
222X11X111111
X1X111XXX1111
11X1XX1111111
222X111X1X111
X1X111X1X1111
222X111X11111
1X2X1XX1XX111
1X2X1XXX11111
11X1XX11XX111
11X1XX11X1111
11X1XXX111111
222X1X11X1111
X1X11XX1XX111
X1X11XXX1X111
X1X11XXX11111
1X2X11X1XX111
1X2X11XXXX111
X1X11X1X1X111
222X11XXXX111
222X11XXX1111
222X1X111X111
1X2X1X11XX111
11X1X1X111111
11X1X1X1X1111
11X1X1XX11111
11X1X1X1XX111
11XX111X11111
11XX111X1X111
222XX1111X111
X1X1X11XXX111
222XX11111111
222X1XXXXX111
222X1XXX1X111
X1X1X1111X111
1X2X111X1X111
222X1XX1X1111
1X2X1111XX111
222X1XX11X111
X1X11XXXX1111
222X1XX111111
1X21XXXXXX111
1X2X11X111111
11XX11XX1X111
11XX11X1XX111
11X1XXX1X1111
222XX1X111111
X1X1XX111X111
222XX1X1X1111
222XX11X1X111
1X21XXX111111
X1X1X1X1X1111
1X21XXX1X1111
1X21XX1XXX111
X1X1X1X11X111
1X21XXXXX1111
11XX1111X1111
11XX1111XX111
11X1XXXXX1111');
insert into RSYSTEMSEARCHINFO_STRYKTIPSSYSTEM (RSYSTEMSEARCHINFO_ID, SYSTEMS_ID) values (16,17);

-- R-0-7-11 Step through.
insert into STEPTHROUGHUNITOFWORK (ID, STARTCOMBINATION, STATUS, TESTEDUPTOCOMBINATION) values(1,0,'COMPLETED',500000000);
insert into RSYSTEMSEARCHINFO (ID, ACTIVE, NAME, NUMBEROFROWS, TYPEOFALGORITHM, NUMBEROFHOLEHEDGING, NUMBEROFHALFHEDGING, NUMBEROFROWSINMATHEMATICALSYSTEM, STATUS, NUMBEROFROWSTOSEARCHFOR, CURRENTSTEPTHROUGUNITOFWORK_ID) VALUES 
(17, 1, 'R-0-7-11', 16, 'STEP_THROUGH', 0,7, 128, 'ON_GOING', 11, 1);
insert into STRYKTIPSSYSTEM (ID, NUMBEROFROWS, SYSTEMROWS) values (18, 16, '1111111111111');
insert into RSYSTEMSEARCHINFO_STRYKTIPSSYSTEM (RSYSTEMSEARCHINFO_ID, SYSTEMS_ID) values (17,18);


update SEQUENCE set SEQ_COUNT=50 where SEQ_NAME ='SEQ_GEN_TABLE';